,AX,FX,AY,FY,AZ,FZ
0,36.38076022,246.49298599999997,28.23833752,97.19438878,28.443866999999997,246.49298599999997
1,35.52336869,252.50501,26.27375101,250.501002,26.68347616,252.50501
2,34.84452692,250.501002,25.46454281,246.49298599999997,26.19771608,250.501002
3,29.9997065,248.496994,24.56599458,252.50501,24.31666857,248.496994
4,22.85363054,255.51102200000003,21.51890169,248.496994,22.90668219,249.498998
