,FX,AX,FY,AY,FZ,AZ
,,,,,,
0,3.355704698,47.55196992,0,490.78,0,148.4266667
,,,,,,
1,127.5167785,39.7610959,127.5167785,49.58895281,127.5167785,15.70128381
,,,,,,
2,130.8724832,28.16091644,130.8724832,31.06386471,3.355704698,8.31378792
,,,,,,
3,6.711409396,25.66657482,124.1610738,21.29130143,130.8724832,6.308351728
,,,,,,
4,124.1610738,17.25682267,120.8053691,19.27833383,120.8053691,5.491521413
